{
    "bc_type": "physiological",
    "statistics": {
        "normalization_type": {
            "features": "normal",
            "labels": "min_max"
        },
        "flux": {
            "min": 0.0,
            "max": 7.638424873352051,
            "mean": 1.2320787906646729,
            "stdv": 1.745090365409851
        },
        "dt": {
            "min": 0.10000000149011612,
            "max": 0.10000000149011612,
            "mean": 0.10000002384185791,
            "stdv": NaN
        },
        "nodes": {
            "min": 5,
            "max": 5,
            "mean": 5.0,
            "stdv": 0.0
        },
        "df": {
            "min": -0.37178170680999756,
            "max": 0.37221550941467285,
            "mean": 0.0029003615491092205,
            "stdv": 0.1168603003025055
        }
    },
    "node_features": [
        "x",
        "flux",
        "dt",
        "T",
        "k",
        "interface_length"
    ],
    "latent_size_gnn": 4,
    "latent_size_mlp": 4,
    "process_iterations": 3,
    "number_hidden_layers_mlp": 2,
    "learning_rate": 0.001,
    "batch_size": 32,
    "lr_decay": 0.001,
    "nepochs": 5,
    "weight_decay": 1e-05,
    "rate_noise": 100,
    "rate_noise_features": 1e-05,
    "stride": 2,
    "bcs_gnn": "models_bcs/31.10.2022_01.35.31",
    "infeat_nodes": 4,
    "infeat_edges": 2,
    "out_size": 1,
    "train_split": [
        "k_57.57.grph",
        "k_47.32.grph",
        "k_68.64.grph",
        "k_71.89.grph",
        "k_6.58.grph",
        "k_85.52.grph",
        "k_91.01.grph",
        "k_99.66.grph",
        "k_92.87.grph",
        "k_97.29.grph",
        "k_41.24.grph",
        "k_60.64.grph",
        "k_32.05.grph",
        "k_71.7.grph",
        "k_48.43.grph",
        "k_39.38.grph",
        "k_68.55.grph",
        "k_67.17.grph",
        "k_92.01.grph",
        "k_76.29.grph",
        "k_92.3.grph",
        "k_6.17.grph",
        "k_86.58.grph",
        "k_33.38.grph",
        "k_35.31.grph",
        "k_41.41.grph",
        "k_14.76.grph",
        "k_92.67.grph",
        "k_67.78.grph",
        "k_40.24.grph",
        "k_31.69.grph",
        "k_96.46.grph",
        "k_12.12.grph",
        "k_61.71.grph",
        "k_23.48.grph",
        "k_88.93.grph",
        "k_91.83.grph",
        "k_75.11.grph",
        "k_84.19.grph",
        "k_46.71.grph",
        "k_26.28.grph",
        "k_82.34.grph",
        "k_84.06.grph",
        "k_79.88.grph",
        "k_93.2.grph",
        "k_56.44.grph",
        "k_52.89.grph",
        "k_91.87.grph",
        "k_49.97.grph",
        "k_68.58.grph",
        "k_62.06.grph",
        "k_77.42.grph",
        "k_95.85.grph",
        "k_27.02.grph",
        "k_72.85.grph",
        "k_79.98.grph",
        "k_87.93.grph",
        "k_13.36.grph",
        "k_18.8.grph",
        "k_56.4.grph",
        "k_74.01.grph",
        "k_30.2.grph",
        "k_25.95.grph",
        "k_91.71.grph",
        "k_73.54.grph",
        "k_30.51.grph",
        "k_40.75.grph",
        "k_8.27.grph",
        "k_49.19.grph",
        "k_43.14.grph",
        "k_38.35.grph",
        "k_18.68.grph",
        "k_42.73.grph",
        "k_78.4.grph",
        "k_59.3.grph",
        "k_65.34.grph",
        "k_22.98.grph",
        "k_2.38.grph",
        "k_50.49.grph",
        "k_43.77.grph"
    ],
    "test_split": [
        "k_1.54.grph",
        "k_12.37.grph",
        "k_15.4.grph",
        "k_23.47.grph",
        "k_23.58.grph",
        "k_26.29.grph",
        "k_35.82.grph",
        "k_38.92.grph",
        "k_39.72.grph",
        "k_4.45.grph",
        "k_48.3.grph",
        "k_51.21.grph",
        "k_53.14.grph",
        "k_54.32.grph",
        "k_54.49.grph",
        "k_58.8.grph",
        "k_60.28.grph",
        "k_66.33.grph",
        "k_93.74.grph",
        "k_93.86.grph"
    ]
}