{
    "bc_type": "physiological",
    "statistics": {
        "normalization_type": {
            "features": "normal",
            "labels": "min_max"
        },
        "flux": {
            "min": -0.49265310168266296,
            "max": 1.4447544813156128,
            "mean": 0.005474415607750416,
            "stdv": 0.09909427165985107
        },
        "dt": {
            "min": 0.03999999910593033,
            "max": 0.03999999910593033,
            "mean": 0.04000014439225197,
            "stdv": NaN
        },
        "nodes": {
            "min": 5,
            "max": 5,
            "mean": 5.0,
            "stdv": 0.0
        },
        "df": {
            "min": -13.68617057800293,
            "max": 4.20484733581543,
            "mean": -0.04011726379394531,
            "stdv": 0.8759985566139221
        }
    },
    "node_features": [
        "x",
        "flux",
        "dt",
        "T"
    ],
    "latent_size_gnn": 16,
    "latent_size_mlp": 16,
    "process_iterations": 5,
    "number_hidden_layers_mlp": 3,
    "learning_rate": 0.001,
    "batch_size": 32,
    "lr_decay": 0.001,
    "nepochs": 100,
    "weight_decay": 1e-05,
    "rate_noise": 100,
    "rate_noise_features": 1e-05,
    "stride": 1,
    "bcs_gnn": "models_bcs/31.10.2022_01.35.31",
    "infeat_nodes": 4,
    "infeat_edges": 2,
    "out_size": 1,
    "train_split": [
        "k_140.16.grph",
        "k_517.36.grph",
        "k_722.81.grph",
        "k_653.91.grph",
        "k_135.03.grph",
        "k_225.33.grph",
        "k_110.99.grph",
        "k_870.86.grph",
        "k_700.37.grph",
        "k_398.05.grph",
        "k_678.28.grph",
        "k_518.28.grph",
        "k_913.99.grph",
        "k_118.84.grph",
        "k_314.3.grph",
        "k_413.53.grph",
        "k_754.24.grph",
        "k_295.2.grph",
        "k_330.43.grph",
        "k_338.57.grph",
        "k_626.91.grph",
        "k_752.09.grph",
        "k_634.72.grph",
        "k_772.96.grph",
        "k_147.94.grph",
        "k_238.17.grph",
        "k_906.98.grph",
        "k_479.24.grph",
        "k_614.08.grph",
        "k_634.57.grph",
        "k_711.1.grph",
        "k_573.37.grph",
        "k_819.89.grph",
        "k_629.76.grph",
        "k_628.03.grph",
        "k_206.17.grph",
        "k_903.11.grph",
        "k_266.58.grph",
        "k_727.55.grph",
        "k_876.25.grph",
        "k_190.52.grph",
        "k_751.8.grph",
        "k_971.7.grph",
        "k_310.74.grph",
        "k_811.75.grph",
        "k_623.79.grph",
        "k_717.95.grph",
        "k_963.31.grph",
        "k_538.82.grph",
        "k_900.03.grph",
        "k_793.12.grph",
        "k_954.6.grph",
        "k_695.8.grph",
        "k_536.9.grph",
        "k_675.15.grph",
        "k_444.1.grph",
        "k_933.76.grph",
        "k_729.2.grph",
        "k_336.45.grph",
        "k_612.31.grph",
        "k_939.54.grph",
        "k_654.01.grph",
        "k_338.28.grph",
        "k_775.12.grph",
        "k_697.4.grph",
        "k_295.25.grph",
        "k_466.44.grph",
        "k_186.6.grph",
        "k_868.46.grph",
        "k_140.99.grph",
        "k_306.44.grph",
        "k_733.05.grph",
        "k_120.97.grph",
        "k_383.45.grph",
        "k_594.99.grph",
        "k_498.13.grph",
        "k_779.89.grph",
        "k_803.45.grph",
        "k_791.83.grph",
        "k_620.98.grph",
        "k_493.57.grph",
        "k_394.6.grph",
        "k_671.6.grph",
        "k_491.11.grph",
        "k_577.76.grph",
        "k_949.03.grph",
        "k_736.5.grph",
        "k_198.59.grph",
        "k_124.09.grph",
        "k_539.13.grph",
        "k_457.34.grph",
        "k_411.63.grph",
        "k_581.8.grph",
        "k_748.08.grph",
        "k_557.08.grph",
        "k_691.86.grph",
        "k_364.09.grph",
        "k_734.6.grph",
        "k_849.33.grph",
        "k_801.57.grph",
        "k_136.42.grph",
        "k_858.46.grph",
        "k_284.04.grph",
        "k_799.07.grph",
        "k_495.36.grph",
        "k_773.34.grph",
        "k_557.83.grph",
        "k_672.23.grph",
        "k_623.47.grph",
        "k_235.07.grph",
        "k_941.82.grph",
        "k_492.76.grph",
        "k_376.25.grph",
        "k_653.44.grph",
        "k_687.9.grph",
        "k_118.18.grph",
        "k_352.92.grph",
        "k_238.71.grph",
        "k_759.46.grph",
        "k_541.27.grph",
        "k_704.18.grph",
        "k_677.14.grph",
        "k_709.15.grph",
        "k_807.48.grph",
        "k_571.11.grph",
        "k_341.8.grph",
        "k_553.49.grph",
        "k_221.32.grph",
        "k_677.58.grph",
        "k_173.29.grph",
        "k_743.05.grph",
        "k_484.49.grph",
        "k_743.52.grph",
        "k_807.39.grph",
        "k_679.67.grph",
        "k_540.21.grph",
        "k_271.2.grph",
        "k_600.94.grph",
        "k_665.44.grph",
        "k_203.28.grph",
        "k_430.52.grph",
        "k_872.61.grph",
        "k_916.62.grph",
        "k_283.56.grph",
        "k_461.87.grph",
        "k_966.27.grph",
        "k_261.11.grph",
        "k_449.08.grph",
        "k_133.54.grph",
        "k_517.06.grph",
        "k_431.95.grph",
        "k_111.18.grph",
        "k_370.73.grph",
        "k_905.63.grph",
        "k_374.79.grph",
        "k_156.88.grph",
        "k_233.8.grph",
        "k_764.17.grph",
        "k_180.08.grph",
        "k_602.53.grph",
        "k_403.9.grph",
        "k_818.02.grph",
        "k_604.13.grph",
        "k_647.54.grph",
        "k_799.55.grph",
        "k_509.79.grph",
        "k_843.42.grph",
        "k_910.36.grph",
        "k_455.3.grph",
        "k_188.53.grph",
        "k_590.77.grph",
        "k_770.28.grph",
        "k_588.96.grph",
        "k_633.83.grph",
        "k_227.94.grph",
        "k_988.24.grph",
        "k_886.16.grph",
        "k_481.38.grph",
        "k_331.76.grph",
        "k_712.98.grph",
        "k_303.4.grph",
        "k_596.13.grph",
        "k_480.11.grph",
        "k_531.11.grph",
        "k_399.1.grph",
        "k_875.71.grph",
        "k_385.63.grph",
        "k_403.99.grph",
        "k_636.68.grph",
        "k_770.08.grph",
        "k_927.09.grph",
        "k_907.96.grph",
        "k_970.33.grph",
        "k_777.8.grph",
        "k_151.12.grph",
        "k_655.07.grph",
        "k_903.28.grph",
        "k_278.14.grph",
        "k_318.06.grph",
        "k_327.51.grph",
        "k_489.72.grph",
        "k_323.01.grph",
        "k_951.58.grph",
        "k_566.53.grph",
        "k_389.15.grph",
        "k_971.39.grph",
        "k_719.2.grph",
        "k_116.03.grph",
        "k_865.41.grph",
        "k_295.52.grph",
        "k_502.74.grph",
        "k_699.88.grph",
        "k_935.92.grph",
        "k_109.42.grph",
        "k_493.55.grph",
        "k_588.52.grph",
        "k_567.86.grph",
        "k_119.23.grph",
        "k_756.05.grph",
        "k_481.83.grph",
        "k_832.85.grph",
        "k_909.56.grph",
        "k_464.22.grph",
        "k_621.35.grph",
        "k_698.99.grph",
        "k_601.58.grph",
        "k_693.77.grph",
        "k_895.41.grph",
        "k_844.61.grph",
        "k_691.76.grph",
        "k_366.78.grph",
        "k_325.56.grph",
        "k_427.35.grph",
        "k_709.95.grph",
        "k_717.39.grph",
        "k_773.52.grph",
        "k_984.53.grph",
        "k_250.78.grph",
        "k_437.46.grph",
        "k_133.51.grph",
        "k_661.49.grph",
        "k_609.91.grph",
        "k_862.82.grph",
        "k_802.91.grph",
        "k_327.79.grph",
        "k_602.86.grph",
        "k_302.11.grph",
        "k_455.67.grph",
        "k_531.04.grph",
        "k_200.68.grph",
        "k_966.65.grph",
        "k_676.51.grph",
        "k_603.39.grph",
        "k_846.49.grph",
        "k_130.15.grph",
        "k_959.36.grph",
        "k_587.89.grph",
        "k_759.18.grph",
        "k_766.07.grph",
        "k_903.94.grph",
        "k_945.28.grph",
        "k_917.23.grph",
        "k_340.88.grph",
        "k_158.82.grph",
        "k_194.79.grph",
        "k_641.97.grph",
