{
    "bc_type": "physiological",
    "statistics": {
        "normalization_type": {
            "features": "normal",
            "labels": "normal"
        },
        "flux": {
            "min": 0.0,
            "max": 39.04583740234375,
            "mean": 3.711683511734009,
            "stdv": 6.070960521697998
        },
        "nodes": {
            "min": 5,
            "max": 5,
            "mean": 5.0,
            "stdv": 0.0
        },
        "df": {
            "min": -0.5487926006317139,
            "max": 0.5487291812896729,
            "mean": 0.001928647980093956,
            "stdv": 0.11435184627771378
        }
    },
    "node_features": [
        "flux",
        "k",
        "interface_length"
    ],
    "latent_size_gnn": 8,
    "latent_size_mlp": 16,
    "process_iterations": 3,
    "number_hidden_layers_mlp": 2,
    "learning_rate": 0.01,
    "batch_size": 32,
    "lr_decay": 0.001,
    "nepochs": 100,
    "weight_decay": 1e-05,
    "rate_noise": 5,
    "rate_noise_features": 1e-05,
    "stride": 5,
    "bcs_gnn": "models_bcs/31.10.2022_01.35.31",
    "infeat_nodes": 4,
    "infeat_edges": 2,
    "out_size": 1,
    "train_split": [
        "k_122.52.grph",
        "k_204.04.grph",
        "k_108.96.grph",
        "k_59.51.grph",
        "k_61.15.grph",
        "k_19.46.grph",
        "k_265.22.grph",
        "k_141.88.grph",
        "k_61.03.grph",
        "k_109.96.grph",
        "k_244.89.grph",
        "k_227.62.grph",
        "k_18.6.grph",
        "k_30.51.grph",
        "k_134.29.grph",
        "k_269.87.grph",
        "k_25.3.grph",
        "k_172.8.grph",
        "k_21.64.grph",
        "k_280.06.grph",
        "k_286.67.grph",
        "k_151.92.grph",
        "k_50.47.grph",
        "k_298.98.grph",
        "k_128.45.grph",
        "k_276.23.grph",
        "k_52.97.grph",
        "k_117.24.grph",
        "k_245.99.grph",
        "k_180.03.grph",
        "k_215.24.grph",
        "k_63.52.grph",
        "k_166.37.grph",
        "k_191.98.grph",
        "k_81.35.grph",
        "k_9.77.grph",
        "k_144.26.grph",
        "k_169.24.grph",
        "k_7.41.grph",
        "k_175.77.grph",
        "k_83.62.grph",
        "k_147.16.grph",
        "k_77.26.grph",
        "k_76.69.grph",
        "k_163.4.grph",
        "k_7.83.grph",
        "k_86.46.grph",
        "k_238.79.grph",
        "k_57.92.grph",
        "k_244.21.grph",
        "k_297.5.grph",
        "k_126.77.grph",
        "k_139.34.grph",
        "k_131.07.grph",
        "k_54.03.grph",
        "k_66.59.grph",
        "k_148.87.grph",
        "k_221.15.grph",
        "k_64.69.grph",
        "k_50.87.grph",
        "k_74.97.grph",
        "k_137.17.grph",
        "k_241.21.grph",
        "k_287.72.grph",
        "k_225.05.grph",
        "k_191.54.grph",
        "k_276.76.grph",
        "k_151.25.grph",
        "k_147.08.grph",
        "k_65.76.grph",
        "k_98.77.grph",
        "k_40.49.grph",
        "k_88.84.grph",
        "k_48.51.grph",
        "k_211.41.grph",
        "k_284.01.grph",
        "k_19.22.grph",
        "k_139.19.grph",
        "k_286.9.grph",
        "k_77.39.grph",
        "k_260.52.grph",
        "k_294.01.grph",
        "k_255.75.grph",
        "k_148.88.grph",
        "k_125.45.grph",
        "k_20.7.grph",
        "k_177.18.grph",
        "k_144.17.grph",
        "k_235.29.grph",
        "k_162.55.grph",
        "k_256.26.grph",
        "k_259.73.grph",
        "k_208.95.grph",
        "k_123.89.grph",
        "k_57.19.grph",
        "k_148.81.grph",
        "k_228.67.grph",
        "k_78.95.grph",
        "k_182.04.grph",
        "k_31.91.grph",
        "k_199.01.grph",
        "k_211.47.grph",
        "k_239.82.grph",
        "k_214.16.grph",
        "k_167.29.grph",
        "k_219.7.grph",
        "k_95.46.grph",
        "k_101.57.grph",
        "k_225.2.grph",
        "k_268.36.grph",
        "k_228.15.grph",
        "k_190.86.grph",
        "k_182.4.grph",
        "k_2.63.grph",
        "k_35.05.grph",
        "k_61.09.grph",
        "k_71.03.grph",
        "k_193.37.grph",
        "k_241.6.grph",
        "k_60.15.grph",
        "k_126.63.grph",
        "k_24.19.grph",
        "k_295.54.grph",
        "k_224.84.grph",
        "k_143.54.grph",
        "k_141.56.grph",
        "k_259.13.grph",
        "k_146.52.grph",
        "k_34.62.grph",
        "k_180.51.grph",
        "k_178.3.grph",
        "k_240.29.grph",
        "k_111.64.grph",
        "k_72.72.grph",
        "k_294.71.grph",
        "k_280.92.grph",
        "k_126.97.grph",
        "k_68.37.grph",
        "k_234.23.grph",
        "k_59.44.grph",
        "k_82.56.grph",
        "k_294.98.grph",
        "k_152.37.grph",
        "k_281.77.grph",
        "k_208.42.grph",
        "k_205.11.grph",
        "k_76.05.grph",
        "k_274.32.grph",
        "k_296.13.grph",
        "k_16.46.grph",
        "k_69.23.grph",
        "k_147.69.grph",
        "k_286.18.grph",
        "k_237.62.grph",
        "k_55.43.grph",
        "k_51.97.grph",
        "k_83.87.grph",
        "k_91.53.grph",
        "k_76.0.grph",
        "k_178.89.grph",
        "k_16.77.grph",
        "k_166.88.grph",
        "k_243.78.grph",
        "k_68.91.grph",
        "k_12.1.grph",
        "k_29.89.grph",
        "k_232.75.grph",
        "k_18.69.grph",
        "k_119.29.grph",
        "k_236.87.grph",
        "k_130.82.grph",
        "k_259.61.grph",
        "k_93.4.grph",
        "k_205.8.grph",
        "k_81.7.grph",
        "k_297.92.grph",
        "k_95.69.grph",
        "k_70.55.grph",
        "k_7.07.grph",
        "k_92.17.grph",
        "k_18.42.grph",
        "k_209.33.grph",
        "k_152.31.grph",
        "k_37.28.grph",
        "k_296.37.grph",
        "k_80.64.grph",
        "k_239.53.grph",
        "k_170.39.grph",
        "k_192.04.grph",
        "k_104.5.grph",
        "k_22.03.grph",
        "k_269.58.grph",
        "k_98.23.grph",
        "k_143.64.grph",
        "k_186.82.grph",
        "k_191.3.grph",
        "k_145.21.grph",
        "k_294.81.grph",
        "k_210.89.grph",
        "k_39.62.grph",
        "k_66.96.grph",
        "k_273.08.grph",
        "k_127.95.grph",
        "k_62.67.grph",
        "k_233.6.grph",
        "k_49.27.grph",
        "k_22.08.grph",
        "k_145.32.grph",
        "k_3.21.grph",
        "k_167.12.grph",
        "k_113.88.grph",
        "k_32.82.grph",
        "k_20.49.grph",
        "k_187.48.grph",
        "k_178.46.grph",
        "k_234.64.grph",
        "k_288.38.grph",
        "k_152.65.grph",
        "k_136.92.grph",
        "k_43.13.grph",
        "k_35.82.grph",
        "k_234.77.grph",
        "k_58.26.grph",
        "k_97.22.grph",
        "k_114.84.grph",
        "k_2.58.grph",
        "k_17.45.grph",
        "k_54.77.grph",
        "k_41.03.grph",
        "k_42.96.grph",
        "k_271.93.grph",
        "k_174.38.grph",
        "k_80.13.grph",
        "k_110.82.grph",
        "k_255.66.grph",
        "k_203.75.grph",
        "k_184.36.grph",
        "k_213.92.grph",
        "k_175.18.grph"
    ],